Relay URL,Latitude,Longitude
rsvp.sdbitcoiners.com,37.3598,-121.981
inbox.scuba323.com,40.8218,-74.45
cs-relay.nostrdev.com:443,50.4754,12.3683
relay.bullishbounty.com,43.6532,-79.3832
relayrs.notoshi.win,43.6532,-79.3832
nostr.easycryptosend.it,43.6532,-79.3832
relay.gulugulu.moe:443,43.6532,-79.3832
relayone.soundhsa.com:443,39.0997,-94.5786
nostr-01.yakihonne.com,1.32123,103.695
relay.dyne.org,49.0291,8.35705
relay.sigit.io,50.4754,12.3683
n.kojira.io,43.6532,-79.3832
relay.rebelbase.social,50.965,5.50082
nostr.tac.lol,47.4748,-122.273
testr.nymble.world,40.8054,-74.0241
relay-fra.zombi.cloudrodion.com,48.8566,2.35222
relay.kizuna-miki.com,35.694,139.754
relay.btcforplebs.com,43.6532,-79.3832
relay.tapestry.ninja,40.8054,-74.0241
freelay.sovbit.host,60.1699,24.9384
relay.nostr.space,43.6532,-79.3832
cs-relay.nostrdev.com,50.4754,12.3683
relay.underorion.se,50.1109,8.68213
articles.layer3.news:443,37.3387,-121.885
nostr.azzamo.net:443,52.2633,21.0283
vidar.nestoris.online,52.3676,4.90414
bruh.samt.st,43.6532,-79.3832
chorus.mikedilger.com:444,-36.8906,174.794
vault.iris.to,43.6532,-79.3832
nostr.plantroon.com:443,50.1013,8.62643
nostr.islandarea.net:443,35.4669,-97.6473
no.str.cr,8.96171,-83.5246
relay.mitosystem.net,-23.5558,-46.6396
nostr.mom,50.4754,12.3683
relay.wellorder.net,45.5201,-122.99
relay-dev.gulugulu.moe:443,43.6532,-79.3832
nostr.planix.org,43.6532,-79.3832
pocketrelay.live,40.8302,-74.1299
nostr.azzamo.net,52.2633,21.0283
relay.illuminodes.com,43.6532,-79.3832
nostr-02.yakihonne.com,1.32123,103.695
nostr.robosats.org,64.1476,-21.9392
bucket.coracle.social,37.7775,-122.397
relay.satmaxt.xyz,43.6532,-79.3832
nostrride.io,37.3986,-121.964
aurum.saturnali.net,46.2044,6.14316
relay.twentyone.ist,43.7696,-79.3309
hasky.chat,40.7862,-74.0743
relay.notoshi.win,13.3119,101.113
relay.lanacoin-eternity.com,40.8302,-74.1299
nostr-01.yakihonne.com:443,1.32123,103.695
nostr.na.social,43.6532,-79.3832
relay.paulstephenborile.com,49.4543,11.0746
relay.satlantis.io,39.0438,-77.4874
nostr.oxtr.dev,50.4754,12.3683
relay.cyberguy.fyi,52.6907,4.8181
relay.dwadziesciajeden.pl,52.2297,21.0122
nostr.tbxnetworx.de,47.6926,10.0386
fanfares.nostr1.com,40.7057,-74.0136
conduit-congee.fly.dev,38.7946,-106.535
relay.lightning.pub:443,39.0438,-77.4874
nostr-relay.corb.net:443,39.6478,-104.988
nostr.tabordalab.com,60.1699,24.9384
relay.monostr.com,50.4754,12.3683
relay5.bitransfer.org,43.6532,-79.3832
nostr.debate.report,50.1109,8.68213
relay.samt.st,40.8302,-74.1299
relay.ohstr.com,43.6532,-79.3832
relay.favillakey.io,-27.4705,153.026
nostr.plantroon.com,50.1013,8.62643
nosflare-leefcore.leefcore.workers.dev,43.6532,-79.3832
borgar.lol,52.3676,4.90414
relay-arg.zombi.cloudrodion.com,1.35208,103.82
relay.hivetalk.org,40.8302,-74.1299
bread.nostrsms.com,40.8218,-74.45
nostr.dzo-hadar.ts.net,35.6764,139.65
relay.beginningend.com,35.2227,-97.4786
relay.directsponsor.net,42.8864,-78.8784
nostr.pro.aw,43.6532,-79.3832
chat-relay.zap-work.com,43.6532,-79.3832
nostr.thebiglake.org,32.71,-96.6745
relay.plebeian.market:443,50.1109,8.68213
nostr-rs-relay-ishosta.phamthanh.me,43.6532,-79.3832
relay.froth.zone,60.1699,24.9384
relay.getsafebox.app,43.6532,-79.3832
relay-dev.gulugulu.moe,43.6532,-79.3832
nostrelay.circum.space,52.2245,8.826
nostr-rs-relay.dev.fedibtc.com,39.0438,-77.4874
relay.manneken.brussels,49.4543,11.0746
nostr-relay.corb.net,39.6478,-104.988
nostr.tagomago.me,42.3601,-71.0589
relay.aidatanorge.no,43.6532,-79.3832
bridge.tagomago.me,42.3601,-71.0589
relay.piazza.today,48.122,11.589
relay.qstr.app,50.1109,8.68213
relay.noeudlibre.fr,50.6924,3.20113
offchain.pub:443,39.1585,-94.5728
nostr.data.haus,50.4754,12.3683
relay.wavlake.com:443,41.2619,-95.8608
strfry.bonsai.com,39.0438,-77.4874
nostr.notribe.net,40.8302,-74.1299
relay.flashapp.me,43.6548,-79.3885
nostr.twinkle.lol,51.902,7.6657
relay.bornheimer.app,50.1109,8.68213
relay.budabit.club,49.4543,11.0746
nostrcity-club.fly.dev:443,38.7946,-106.535
relay.solomonstr.com,43.6532,-79.3832
infinity-signal-relay.digitalforlifeagency.workers.dev,43.6532,-79.3832
nostr.21crypto.ch,47.5356,8.73209
cdn.satellite.earth,40.8302,-74.1299
relay.edufeed.org:443,49.4521,11.0767
relay.decentralia.fr,48.122,11.589
openrelay.ziomc.com,45.4642,9.18998
relay.bnos.space,43.6532,-79.3832
relay.littlebitstudios.com,43.6532,-79.3832
treuzkas.branruz.com,48.8575,2.35138
nostr-02.uid.ovh,50.9871,2.12554
nostr2.girino.org,43.6532,-79.3832
nostr.liberty.fans,36.8767,-89.5879
relay.nostrhub.fr,48.1045,11.6004
staging.yabu.me,35.6092,139.73
articles.layer3.news,37.3387,-121.885
budabit.nostr1.com,40.7057,-74.0136
social.amanah.eblessing.co,48.1046,11.6002
relay.lightning.pub,39.0438,-77.4874
relay.nostrfy.org,35.6916,139.768
nostr.now,35.8099,140.12
pymd.kamp.site,38.9072,-77.0369
auth.nostr1.com,40.7057,-74.0136
relay.pyramid.li,47.4093,8.46503
relay.novospes.com,43.6532,-79.3832
x.kojira.io,43.6532,-79.3832
relay.nostrfeed.com,60.1699,24.9384
relay2.orangesync.tech,40.7128,-74.006
relay.mappingbitcoin.com,43.6532,-79.3832
nostr.yutakobayashi.com,43.6532,-79.3832
relay.laantungir.net,-19.4692,-42.5315
relay.sharegap.net,43.6532,-79.3832
nostr.pbfs.io:443,50.4754,12.3683
relay.mostro.network,40.8302,-74.1299
dev-relay.nostreon.com,60.1699,24.9384
relay-us.zombi.cloudrodion.com,40.7862,-74.0743
relay.ohstr.com:443,43.6532,-79.3832
fanfares.nostr1.com:443,40.7057,-74.0136
nostr.bitcoiner.social,47.6743,-117.112
nostr.nestoris.online,55.568,37.5853
nostr.openhoofd.nl,51.5717,3.70417
relay.loveisbitcoin.com,43.6532,-79.3832
relay.staging.plebeian.market:443,51.5072,-0.127586
nostr.2b9t.xyz,34.0549,-118.243
relay-na1.metanomalist.com,43.6532,-79.3832
nostr.rtvslawenia.com:443,49.4543,11.0746
relay.wisp.talk:443,49.4543,11.0746
relay.mypathtofire.de,42.8864,-78.8784
relay.vrtmrz.net:443,43.6532,-79.3832
relayone.geektank.ai,39.0997,-94.5786
relay.ezernode.net,52.6921,6.19372
relayone.geektank.ai:443,39.0997,-94.5786
zencrown.relay2aeon.quest,52.3061,4.6907
nostr.oxtr.dev:443,50.4754,12.3683
relay.keykeeper.world,40.7824,-74.0711
relay2.fiatdenier.com,50.1013,8.62643
relay.yoinekodo.jp,43.6532,-79.3832
relay.ditto.pub,43.6532,-79.3832
relay.chorus.community,50.7529,6.84585
bitcoiner.social,47.6743,-117.112
talon.quest,43.6532,-79.3832
relay.veganostr.com:443,60.1699,24.9384
nostr.bitcoiner.social:443,47.6743,-117.112
bcast.girino.org,43.6532,-79.3832
nostr.mom:443,50.4754,12.3683
nostr.spicyz.io,43.6532,-79.3832
relay.nostrmap.net,60.1699,24.9384
relay.lanavault.space,60.1699,24.9384
relay.nostx.io,43.6532,-79.3832
relay.wavlake.com,41.2619,-95.8608
adre.su,59.9311,30.3609
relay.binaryrobot.com,43.6532,-79.3832
relay.bitmacro.cloud,43.6532,-79.3832
yabu.me,35.6092,139.73
bendernostur.duckdns.org:8443,50.1109,8.68213
relay.mitchelltribe.com,39.0438,-77.4874
scores.brainstorm.world,39.0997,-94.5786
relay.nostrian-conquest.com,41.223,-111.974
nostr.txlyre.website,60.1699,24.9384
relay.nostrmap.net:443,60.1699,24.9384
relay.trotters.cc:443,43.6532,-79.3832
schnorr.me:443,43.6532,-79.3832
nostr-relay.xbytez.io:443,50.6924,3.20113
nostr.hifish.org,47.4009,8.57814
relay.valleirug.nl,52.0274,5.62427
nostr-01.uid.ovh,50.9871,2.12554
schnorr.me,43.6532,-79.3832
relay-can.zombi.cloudrodion.com,43.6532,-79.3832
nostr.snowbla.de:443,50.4754,12.3683
21milionidinostr.duckdns.org,41.8945,12.6493
nostr.2b9t.xyz:443,34.0549,-118.243
relay.fountain.fm,43.6532,-79.3832
nostr.computingcache.com,45.5341,-122.956
chat-relay.zap-work.com:443,43.6532,-79.3832
relay.snotr.nl:49999,51.9758,4.31389
relay.getsafebox.app:443,43.6532,-79.3832
relay.openspecs.uid.ovh,50.9871,2.12554
offchain.pub,39.1585,-94.5728
relay.fiatdenier.com,43.7787,-79.5393
public.crostr.com,43.6532,-79.3832
dm-test-nostr-rs-42-disabled.samt.st,43.6532,-79.3832
nostr.stakey.net,52.3676,4.90414
nostr-verified.wellorder.net,45.5201,-122.99
nostr-relay.xbytez.io,50.6924,3.20113
nostr.nodesmap.com,59.3327,18.0656
strfry.bonsai.com:443,39.0438,-77.4874
relay.wasabiwallet.io,43.6532,-79.3832
nexus.libernet.app,43.6532,-79.3832
public.crostr.com:443,43.6532,-79.3832
relay.formstr.app,43.6532,-79.3832
nostr.mikoshi.de,50.1109,8.68213
wait-hazardous-urge-linking.trycloudflare.com,43.6532,-79.3832
nostr.pbfs.io,50.4754,12.3683
nostr.chaima.info,51.5072,-0.127586
relay.tdw.gg,34.0549,-118.243
relay.nostr.blockhenge.com,39.0438,-77.4874
strfry.shock.network,39.0438,-77.4874
relay.staging.plebeian.market,51.5072,-0.127586
relay.conduit.market,38.7946,-106.535
relay.nostr.com,50.1109,8.68213
spurline.safebox.dev,43.6532,-79.3832
relay.paulstephenborile.com:443,49.4543,11.0746
buzz.cashu.space,50.1109,8.68213
relay.cloistr.xyz,42.337,-77.3178
relay.satsmarkt.club,52.6907,4.8181
relay.trotters.cc,43.6532,-79.3832
nostr.relay.hedwig.sh,60.1699,24.9384
relayone.soundhsa.com,39.0997,-94.5786
maxq.descendant.io,43.6532,-79.3832
relay.mitchelltribe.com:443,39.0438,-77.4874
relay.olas.app,60.1699,24.9384
nostr-relay.zimage.com,34.282,-118.439
nostr-kyomu-haskell.onrender.com,37.7775,-122.397
relay.s-w.art,43.6532,-79.3832
relay.earthly.city,34.1749,-118.54
denimroad.feeds.relay.tools,38.6327,-90.1961
nostr.data.haus:443,50.4754,12.3683
relay1.nostrchat.io,60.1699,24.9384
relay.nmail.li,50.9871,2.12554
nostr.wecsats.io:443,43.6532,-79.3832
relay.plebchain.club,43.6532,-79.3832
relay.edufeed.org,49.4521,11.0767
nostr-relay.cbrx.io,43.6532,-79.3832
nostr.christiansass.de,51.3755,7.70281
relay1.privkey.io,25.7617,-80.1918
wisp.djorivaltech.com,43.6532,-79.3832
relay.kaleidoswap.com,50.8476,4.35717
relay2.veganostr.com,60.1699,24.9384
basspistol.org,49.0291,8.35696
relay.routstr.com,59.4016,17.9455
relay.islandbitcoin.com,20.3898,78.0903
nostr.girino.org,43.6532,-79.3832
top.testrelay.top,43.6532,-79.3832
relay.gulugulu.moe,43.6532,-79.3832
prl.plus,54.9486,21.7283
support.flotilla.social,32.9483,-96.7299
relay.ditto.pub:443,43.6532,-79.3832
nostr.jcera.eu,43.6532,-79.3832
nostr.n7ekb.net,47.4941,-122.294
relay2.angor.io,48.1046,11.6002
relay.agentry.com,42.8864,-78.8784
relay.nuts.cash,52.3676,4.90414
relay.sigit.io:443,50.4754,12.3683
relay.lanacoin-eternity.com:443,40.8302,-74.1299
bitchat.nostr1.com,40.7057,-74.0136
nostr.fullstackcash.net,45.5201,-122.99
temp.iris.to,43.6532,-79.3832
wisp.orkestr.run,48.5734,7.75211
relay.veganostr.com,60.1699,24.9384
relay02.lnfi.network,35.6764,139.65
relay.layer.systems,43.6532,-79.3832
relay.ltgnet.work:8443,51.0511,-114.075
strfry.shock.network:443,39.0438,-77.4874
nostrcity-club.fly.dev,38.7946,-106.535
relay.artiostr.ch,43.6532,-79.3832
relay.orangesync.tech,40.7128,-74.006
nostr.rtvslawenia.com,49.4543,11.0746
nostr.snowbla.de,50.4754,12.3683
cache.trustr.ing,43.6548,-79.3885
node.kommonzenze.de,49.4521,11.0767
relay.satsapp.me,50.4754,12.3683
nostr.linky.fit,50.1109,8.68213
groups.beginningend.com,35.2227,-97.4786
cyberspace.nostr1.com,40.7057,-74.0136
relay.nostr.bond,40.1885,29.061
nostr2.girino.org:443,43.6532,-79.3832
nostr.islandarea.net,35.4669,-97.6473
nostr.purpura.cloud,43.6532,-79.3832
relay.mwaters.net,50.9871,2.12554
relay.dreamith.to,43.6532,-79.3832
relay.zone667.com,60.1699,24.9384
nostr.88mph.life,52.1941,-2.21905
relay.shadowbip.com,54.352,18.6466
relay.nearhood.co.uk,51.5134,-0.0890675
nostr.chaima.info:443,51.5072,-0.127586
myvoiceourstory.org,37.3598,-121.981
nos.lol,50.4754,12.3683
nostr-pub.wellorder.net,45.5201,-122.99
relay.kilombino.com,43.6532,-79.3832
vault.iris.to:443,43.6532,-79.3832
relay.atsocy.com,43.6532,-79.3832
relay.satmaxt.xyz:443,43.6532,-79.3832
relay.nostriot.com,41.5695,-83.9786
relay.bitos.space,43.6532,-79.3832
relay.agora.social,50.7383,15.0648
nostrelay.circum.space:443,52.2245,8.826
no.str.cr:443,8.96171,-83.5246
relay.guggero.org,46.5971,9.59652
relay.internationalright-wing.org,-22.4692,-48.9875
dm-test-strfry-discovery.samt.st,43.6532,-79.3832
dev-relay.nostr.space,43.6532,-79.3832
dev.relay.stream,43.6532,-79.3832
soloco.nl,43.6532,-79.3832
relay.aarpia.com,37.3986,-121.964
relay.jcera.eu,43.6532,-79.3832
relay.klabo.world,47.674,-122.122
relay.chatbett.de,40.7128,-74.006
relay.bowlafterbowl.com,32.9483,-96.7299
n.musicroadmap.com,35.694,139.754
relay-testnet.k8s.layer3.news,37.3387,-121.885
nostr-rs-relay.dev.fedibtc.com:443,39.0438,-77.4874
nostr.emanuelemiani.it,45.778,8.79414
nostras.app,38.7946,-106.535
relay.degmods.com,50.4754,12.3683
relay.bullishbounty.com:443,43.6532,-79.3832
relay.tdw.lol,41.8781,-87.6298
reraw.pbla2fish.cc,43.6532,-79.3832
relay.nostr.dev.br,48.1046,11.6002
relay.scuba323.com,40.8218,-74.45
dm-test-strfry-generic.samt.st,43.6532,-79.3832
nostr.wecsats.io,43.6532,-79.3832
relay2.0xprivacy.online,43.6532,-79.3832
offchain.bostr.online,43.6532,-79.3832
nostr.davenov.com,50.1109,8.68213
nostr.wild-vibes.ts.net,48.8566,2.35222
nostr.sathoarder.com,48.5734,7.75211
relay.primal.net,43.6532,-79.3832
relay.plebeian.market,50.1109,8.68213
nostr.sathoarder.com:443,48.5734,7.75211
syb.lol,34.0549,-118.243
nostr.unkn0wn.world,46.8499,9.53287
relay01.lnfi.network,35.6764,139.65
portal-relay.pareto.space,49.4521,11.0767
nos.lol:443,50.4754,12.3683
relay.jmoose.rocks,32.8009,-96.8195
nip85.nosfabrica.com,39.0997,-94.5786
nostr.myshosholoza.co.za,52.3676,4.90414
nr.yay.so,46.2126,6.1154
0x-nostr-relay.fly.dev,38.7946,-106.535
relay.binaryrobot.com:443,43.6532,-79.3832
spamspamspamspam.rest,43.6532,-79.3832
nostr.4rs.nl,49.0291,8.35696
relay.vrtmrz.net,43.6532,-79.3832
relay.chorus.community:443,50.7529,6.84585
nostr-dev.wellorder.net,45.5201,-122.99
relay.minibolt.info,43.6532,-79.3832
nostrue.com,40.8054,-74.0241
nostr.stakey.net:443,52.3676,4.90414
relay.getvia.xyz,60.1699,24.9384
relay.angor.io,48.1046,11.6002
nostr.spaceshell.xyz,43.6532,-79.3832
ynostr.yael.at,60.1699,24.9384
relay.44billion.net,43.6532,-79.3832
relay.ru.ac.th,13.7607,100.627
nostr.red5d.dev,43.6532,-79.3832
relay.wisp.talk,49.4543,11.0746
relay.pprgb.app,52.52,13.405
relay.lacrypta.ar,43.6532,-79.3832
relay.jmoose.rocks:443,32.8009,-96.8195
nostr.whitenode45.ddns.net,40.55,-74.4758
wheat.oslim.dev,43.6532,-79.3832
strfry.ymir.cloud,43.6532,-79.3832
nostr.janx.com,43.6532,-79.3832
